rig-h5v	closed	jev-build.prepare	-	pass	2026-09-26T02:24:43Z
rig-0sb	closed	jev-build.implement	-	pass	2026-09-26T02:24:50Z
rig-hdj	closed	jev-build.summarize-implementation	-	pass	2026-09-26T02:24:58Z
rig-s8i	closed	jev-build.review	-	pass	2026-09-26T02:25:05Z
rig-5u6	closed	jev-build.review.item.1.review-loop.iteration.1.jev-build.review.item.1.simplicity-review	-	pass	2026-09-26T02:25:16Z
rig-cam	closed	jev-review-tail.jev-build.review.item.1.review-loop.iteration.1.jev-build.review.item.1.simplicity-review-scope-check	scope-check	pass	2026-09-26T02:25:20Z
rig-r4h	closed	jev-build.review.item.1.review-loop.iteration.1.jev-build.review.item.1.synthesize	-	pass	2026-09-26T02:25:25Z
rig-jh0	closed	jev-review-tail.jev-build.review.item.1.review-loop.iteration.1.jev-build.review.item.1.synthesize-scope-check	scope-check	pass	2026-09-26T02:25:27Z
rig-5ny	closed	jev-build.review.item.1.review-loop.iteration.1.jev-build.review.item.1.apply	-	pass	2026-09-26T02:25:32Z
rig-9u4	closed	jev-build.review.item.1.review-loop.iteration.1	scope	pass	2026-09-26T02:25:35Z
rig-g4s	closed	jev-review-tail.jev-build.review.item.1.review-loop.iteration.1.jev-build.review.item.1.apply-scope-check	scope-check	pass	2026-09-26T02:25:35Z
rig-qni	closed	jev-review-tail.jev-build.review.item.1.review-loop.iteration.2.jev-build.review.item.1.simplicity-review	task	pass	2026-09-26T02:25:55Z
rig-abm	closed	jev-review-tail.jev-build.review.item.1.review-loop.iteration.2.jev-build.review.item.1.simplicity-review-scope-check	scope-check	pass	2026-09-26T02:25:57Z
rig-b9n	closed	jev-review-tail.jev-build.review.item.1.review-loop.iteration.2.jev-build.review.item.1.synthesize	task	pass	2026-09-26T02:26:03Z
rig-y6j	closed	jev-review-tail.jev-build.review.item.1.review-loop.iteration.2.jev-build.review.item.1.synthesize-scope-check	scope-check	pass	2026-09-26T02:26:04Z
rig-o7t	closed	jev-review-tail.jev-build.review.item.1.review-loop.iteration.2.jev-build.review.item.1.apply	task	pass	2026-09-26T02:26:16Z
rig-2m3	closed	jev-review-tail.jev-build.review.item.1.review-loop.iteration.2	scope	pass	2026-09-26T02:26:19Z
rig-egs	closed	jev-review-tail.jev-build.review.item.1.review-loop.iteration.2.jev-build.review.item.1.apply-scope-check	scope-check	pass	2026-09-26T02:26:20Z
rig-vvu	closed	jev-review-tail.jev-build.review.item.1.review-loop	ralph	pass	2026-09-26T02:26:23Z
rig-cem	closed	jev-review-tail.jev-build.review.item.1.review-final	-	pass	2026-09-26T02:26:26Z
rig-g91	closed	jev-review-tail.jev-build.review.item.1.finalize	-	pass	2026-09-26T02:26:36Z
rig-48q	closed	jev-review-tail.jev-build.review.item.1.publish	-	pass	2026-09-26T02:26:45Z
rig-7uv	closed	jev-build.review-fanout	fanout	pass	2026-09-26T02:26:49Z
rig-cmc	closed	jev-review-tail.jev-build.review.item.1.review-loop.spec	spec	pass	2026-09-26T02:26:53Z
rig-owu	closed	(root)	workflow	pass	2026-09-26T02:26:53Z
rig-4nx	closed	jev-build.workflow-finalize	workflow-finalize	pass	2026-09-26T02:26:58Z
